{"Linear Regression": [], "Regression": [{"loss": [0.00987014826387167, 0.0011495004873722792, 0.0009197763865813613, 0.0006740355165675282, 0.0006340551772154868, 0.0003668572462629527, 0.0004300308646634221, 0.00032814443693496287, 0.0006437014089897275, 0.0002403425023658201, 0.0004722040903288871, 0.0002587943454273045, 0.00021754407498519868, 0.00022572468151338398, 0.00016228359891101718, 0.00015815289225429296, 0.0001398540916852653, 0.0001200861152028665, 0.00011953216016991064, 0.00011791568249464035, 0.0001171950061689131, 0.00011671793618006632, 9.752825280884281e-05, 8.756222086958587e-05, 0.00010803360783029348, 9.251882147509605e-05, 7.878470205469057e-05, 7.693468796787784e-05, 7.254641241161153e-05, 7.77253953856416e-05, 8.752044959692284e-05, 6.84932092553936e-05, 7.966817793203518e-05, 6.56143092783168e-05, 6.192993168951944e-05, 7.060187635943294e-05, 6.348785245791078e-05, 0.00019245341536588967, 0.00016735900135245174, 6.776813825126737e-05, 6.578945613000542e-05, 5.3155727073317394e-05, 4.721093864645809e-05, 4.604853893397376e-05, 4.4377204176271334e-05, 4.358516525826417e-05, 5.096934182802215e-05, 4.855017687077634e-05, 4.2426236177561805e-05, 4.405756772030145e-05, 4.047508991789073e-05, 4.2504165321588516e-05, 3.775576988118701e-05, 4.0184695535572246e-05, 3.474887125776149e-05, 3.173871664330363e-05, 4.5050201151752844e-05, 3.9836344512877986e-05, 3.44891486747656e-05, 3.3930406061699614e-05, 3.136933082714677e-05, 2.950045745819807e-05, 3.568007377907634e-05, 3.300514072179794e-05, 0.00023701794270891696, 8.471099135931581e-05, 4.663745858124457e-05, 3.7286172300809994e-05, 3.464097244432196e-05, 4.79847367387265e-05, 3.313802517368458e-05, 4.3879357690457255e-05, 3.0848685128148645e-05, 3.226517219445668e-05, 2.7295041945762932e-05, 2.3295906430575997e-05, 2.135569229722023e-05, 2.2476830054074526e-05, 2.2119676941656508e-05, 2.124036655004602e-05, 2.0948014935129322e-05, 0.00013044511433690786, 3.5726170608541e-05, 2.5381543309777044e-05, 2.34435465245042e-05, 2.1256517356960103e-05, 1.912807420012541e-05, 1.8895634639193304e-05, 1.74857304955367e-05, 1.7333477444481105e-05, 1.874321242212318e-05, 1.7054684576578438e-05, 8.886038995115086e-05, 3.0817889637546614e-05, 5.3924755775369704e-05, 2.144541940651834e-05, 2.0747847884194925e-05, 1.7345621017739177e-05, 1.780823731678538e-05, 1.6909743862925097e-05], "val_loss": [0.0013747616903856397, 0.0009169157710857689, 0.00047355593414977193, 0.0005455854116007686, 0.0003421856672503054, 0.0002282292552990839, 0.0002501436974853277, 0.00018314812041353434, 0.0001933709718286991, 0.00015136755246203393, 0.00019991624867543578, 0.00013994958135299385, 0.00013987426063977182, 0.00011554165394045413, 0.00014311063569039106, 0.00012173820869065821, 7.612082117702812e-05, 0.00012658562627620995, 7.798281876603141e-05, 7.559702498838305e-05, 0.00019407579384278506, 7.1761678555049e-05, 6.355455843731761e-05, 7.192503107944503e-05, 8.608466305304319e-05, 8.423810504609719e-05, 7.778565486660227e-05, 5.4919284593779594e-05, 6.361891428241506e-05, 5.145918112248182e-05, 0.00012392544886097312, 0.00011343984078848734, 6.830863276263699e-05, 4.18211602664087e-05, 0.00011249676754232496, 4.9840986321214586e-05, 6.210860010469332e-05, 0.00016631200560368598, 8.213215187424794e-05, 4.9461450544185936e-05, 4.5494940422941e-05, 4.178081144345924e-05, 3.749099778360687e-05, 3.2458494388265535e-05, 4.92805520480033e-05, 3.409613054827787e-05, 4.293061647331342e-05, 5.402185706770979e-05, 0.00011703781638061628, 7.955724140629172e-05, 3.258348078816198e-05, 6.831360951764509e-05, 2.801461778290104e-05, 4.748065839521587e-05, 2.5648811060818844e-05, 2.921532723121345e-05, 4.430687476997264e-05, 4.46812373411376e-05, 4.670977432397194e-05, 3.0254510420490988e-05, 3.2487689168192446e-05, 2.890298856073059e-05, 3.3312484447378665e-05, 2.7944128305534832e-05, 0.0001594473869772628, 5.199253428145312e-05, 5.0084388931281865e-05, 4.06752951676026e-05, 3.786048182519153e-05, 2.7546640922082588e-05, 5.688386954716407e-05, 3.805828600889072e-05, 2.2530415662913583e-05, 2.76610953733325e-05, 3.013916102645453e-05, 2.1804422431159765e-05, 2.0874975234619342e-05, 2.3374881493509747e-05, 2.1455292881000787e-05, 2.268944626848679e-05, 1.984351001738105e-05, 4.9593760195421055e-05, 2.9711878596572205e-05, 2.4029573978623375e-05, 2.0496829165495e-05, 2.3570033590658568e-05, 2.3833463274058886e-05, 1.6814030459499918e-05, 1.5521171008003876e-05, 2.5113116862485185e-05, 1.7424636098439805e-05, 2.216549364675302e-05, 6.454290996771306e-05, 0.00023873378813732415, 2.331731957383454e-05, 1.916223845910281e-05, 2.395483352302108e-05, 1.477104342484381e-05, 1.5894980606390163e-05, 3.4626606066012755e-05]}], "Histogram-Gaussian": [{"loss": [2.2030398845672607, 1.7144122123718262, 1.6319777965545654, 1.5933674573898315, 1.5693129301071167, 1.553687334060669, 1.541477084159851, 1.532160997390747, 1.5260142087936401, 1.5226250886917114, 1.5172710418701172, 1.514992356300354, 1.5113747119903564, 1.509208083152771, 1.506791591644287, 1.5064293146133423, 1.5023727416992188, 1.5003724098205566, 1.4997825622558594, 1.4987690448760986, 1.4963940382003784, 1.496704339981079, 1.4964796304702759, 1.4945932626724243, 1.4935024976730347, 1.4932684898376465, 1.4917800426483154, 1.491588830947876, 1.4892442226409912, 1.4895328283309937, 1.489511489868164, 1.4878054857254028, 1.4878350496292114, 1.4873524904251099, 1.4870126247406006, 1.4870597124099731, 1.4864580631256104, 1.4857155084609985, 1.4859195947647095, 1.4848847389221191, 1.4848791360855103, 1.4851446151733398, 1.4850870370864868, 1.483651876449585, 1.4834755659103394, 1.4825575351715088, 1.4821853637695312, 1.4820510149002075, 1.4811211824417114, 1.4820845127105713, 1.4824851751327515, 1.4824955463409424, 1.4808201789855957, 1.4810791015625, 1.4801520109176636, 1.4799222946166992, 1.479237675666809, 1.4796230792999268, 1.480197548866272, 1.4799094200134277, 1.4790546894073486, 1.4792325496673584, 1.4787200689315796, 1.4801061153411865, 1.4793055057525635, 1.4776513576507568, 1.4781743288040161, 1.4781696796417236, 1.4787911176681519, 1.4779644012451172, 1.4780597686767578, 1.4769154787063599, 1.4766640663146973, 1.4769684076309204, 1.4770170450210571, 1.4766979217529297, 1.4765647649765015, 1.4764217138290405, 1.4756377935409546, 1.4763528108596802, 1.4756770133972168, 1.4755401611328125, 1.4768214225769043, 1.475917935371399, 1.475707769393921, 1.475746989250183, 1.4751200675964355, 1.4783495664596558, 1.4756733179092407, 1.4749457836151123, 1.4749646186828613, 1.4751516580581665, 1.4742515087127686, 1.474470615386963, 1.4750527143478394, 1.4739196300506592, 1.4739450216293335, 1.473470687866211, 1.4730972051620483, 1.4737063646316528],