{"Linear Regression": [[[8.194847051128793, 6.057871416993949], [8.40018295231757, 6.207162215380357]]], "Regression": [[[0.5362822162167248, 0.3843825059730494], [0.5884437136027009, 0.4235484833494111]]], "Histogram-Gaussian": [[[0.12501469830653172, 0.09027225588254388], [0.22735986013315493, 0.1282505488942453]]]}